{
    "medicalPlans": [
        {
            "id": "01",
            "type": {
                "id": "01",
                "name": "Health"
            },
            "name": "Blue Medical 01"
        },
        {
            "id": "02",
            "type": {
                "id": "01",
                "name": "Life"
            },
            "name": "Blue Medical 02"
        }
    ],
    "dentalPlans": [
        {
            "id": "03",
            "type": {
                "id": "02",
                "name": "Dental"
            },
            "name": "Blue Dental 01"
        },
        {
            "id": "04",
            "type": {
                "id": "02",
                "name": "Dental"
            },
            "name": "Blue Dental 02"
        }
    ]
}