[
  {
    "id": 1,
    "paymentToken": "6148821544896899203002",
    "accountId": "10000",
    "accountName": "Arizona State University",
    "bankAccount": "BOA, 123",
    "paymentAmont": "Total Billed",
    "paymentDate": "Statement Date",
    "paymentStatus": "Scheduled",
    "isForAutopay": false
  },
  {
    "id": 2,
    "paymentToken": "6007030033156151903004",
    "accountId": "10000",
    "accountName": "Nothern Arizona Uiversity",
    "bankAccount": "Wells, XYZ",
    "paymentAmont": "Total Billed",
    "paymentDate": "Statement Date",
    "paymentStatus": "Processing",
    "isForAutopay": false
  }
]
