[
   {
      "id": 1,
      "paymentToken": "6148821544896899203002",
      "accountId": "10000",
      "name": "Bank of America",
      "nameOnAccount": "US",
      "nickname": "boa",
      "type": "savings",
      "routingNumber": "9102",
      "accountNumber": "2019",
      "isForAutopay": false
  },
  {
      "id": 2,
      "paymentToken": "6007030033156151903004",
      "accountId": "10000",
      "name": "Wells Fargo",
      "nameOnAccount": "AZ",
      "nickname": "wfg",
      "type": "checking",
      "routingNumber": "1202",
      "accountNumber": "2021",
      "isForAutopay": false,
      "status": "Processing"
  }
]