{
    "healthInsurancePlans": [
        {
            "id": "01",
            "type":{"id":"01", "name":"Health"},
            "name": "Blue Medical 01"
        },
        {
            "id": "02",
            "type":{"id":"01", "name":"Health"},
            "name": "Blue Medical 02"
        }
    ],
    "dentalInsurancePlans": [
        {
            "id": "03",
            "type":{"id":"02", "name":"Dental"},
            "name": "Blue Dental 01"
        },
        {
            "id": "04",
            "type":{"id":"02", "name":"Dental"},
            "name": "Blue Dental 02"
        }
    ],
    "lifeInsurancePlans": [
        {
            "id": "05",
            "type":{"id":"03", "name":"Life"},
            "name": "Blue life insurance 01"
        },
        {
            "id": "06",
            "type":{"id":"03", "name":"Life"},
            "name": "Blue life insurance 02"
        }
    ],
    "coverages": [
        {
            "id": "0001",
            "name": "Family"
        },
        {
            "id": "0002",
            "name": "Employee"
        },
        {
            "id": "0003",
            "name": "Employee/Spouse"
        },
        {
            "id": "0004",
            "name": "Employee/Children"
        }
    ],
    "flexibleSpendingPlans": [
        {
            "id": "01",
            "value": "4500"
        },
        {
            "id": "02",
            "value": "3200"
        }

    ]
}