{
    "accountSummary":
        {
            "billId":0,
            "accountId": "string",
            "accountName": "Account Name",
            "totalEmployees":0,
            "statementFrom": "2020-07-01T00:00:00",
            "statementTo": "2020-07-30T00:00:00",
            "dueDate":"2020-08-01T00:00:00",
            "status":"Due",
            "totalPaidAmount":0,
            "totalBilledAmount":"669000.00",
            "totalAdjustedAmount": 550,
            "adjustments":[{
                "adjustmentReason": "someReason",
                "adjustmentAmount": 0
            }],
            "totalDueAmount":0
        }
    ,
    "subAccountSummary":[
        {
            "billId":0,
            "accountId": "account id 1",
            "accountName": "SubAccountName",
            "totalEmployees":0,
            "statementFrom": "2020-07-01",
            "statementTo": "2020-07-01",
            "dueDate":"2020-07-01",
            "status":"Paid",
            "totalPaidAmount":0,
            "totalBilledAmount":"669000.00",
            "totalAdjustedAmount": 550,
            "adjustments":[{
                "adjustmentReason": "someReason",
                "adjustmentAmount": 0
            }],
            "totalDueAmount":800000.59
        },
        {
            "billId":1,
            "accountId": "subcueta2",
            "accountName": "Sub Account Name 2",
            "totalEmployees":5,
            "statementFrom": "2021-01-01",
            "statementTo": "2021-01-01",
            "dueDate":"2021-01-01",
            "status":"Overdue",
            "totalPaidAmount":0,
            "totalBilledAmount":"589000.00",
            "totalAdjustedAmount": 512,
            "adjustments":[{
                "adjustmentReason": "some Reason1",
                "adjustmentAmount": 0
            }],
            "totalDueAmount":658124.58
        },
        {
            "billId":3,
            "accountId": "subcueta3",
            "accountName": "Sub Account Name 3",
            "totalEmployees":500,
            "statementFrom": "2021-01-01",
            "statementTo": "2021-01-01",
            "dueDate":"2021-01-01",
            "status":"Overdue",
            "totalPaidAmount":0,
            "totalBilledAmount":"589000.00",
            "totalAdjustedAmount": 982,
            "adjustments":[{
                "adjustmentReason": "some Reason1",
                "adjustmentAmount": 0
            }],
            "totalDueAmount":487265.23
        }
    ]
}