{
    "employeeRoster": [
        {
            "hccSubscriberId": "000000158",
            "firstName": "Homer",
            "lastName": "Simpson",
            "employeeId": "1025369874",
            "medical": {
                "id": "01",
                "type": {
                    "id": "01",
                    "name": "Health"
                },
                "name": "Blue Medical 01"
            },
            "dental": {
                "id": "04",
                "type": {
                    "id": "02",
                    "name": "Dental"
                },
                "name": "Blue Dental 02"
            },
            "amountbilled": "3273.20",
            "adjustmentReason": "No Adjustment",
            "adjustmentUser": "olbp",
            "adjustmentDate": "28/02/2021",
            "employeeLocation": "Dallas Tx",
            "dateOfBirth": "03/27/1989",
            "ssn": "1025369847",
            "maritalStatus": "Married",
            "gender": "Male",
            "groupNumber": "2541367980",
            "effectiveDateOfCoverage": "02/30/2019",
            "terminateCoverage": "Terminate all Blue Cross Blue Shield of Arizona coverage for this employee and their dependents.",
            "terminateCoverageNote": "The adjustment amount will be automatically set to $0.00 upon selection.",
            "contactInformation": {
                "address": "1234 West Springfield Way, westbrook LA",
                "emailAddress": "homer@aol.com.us",
                "primaryPhone": "999-999-9999",
                "secondaryPhone": "123-456-1234"
            },
            "benefitSelection": {
                "healthInsuranceBenefit": {
                    "plan": {
                        "id": "01",
                        "type": {
                            "id": "01",
                            "name": "Health"
                        },
                        "name": "Blue Medical 01"
                    },
                    "coverage": {
                        "id": "0001",
                        "name": "Family"
                    }
                },
                "dentalInsuranceBenefit": {
                    "plan": {
                        "id": "04",
                        "type": {
                            "id": "02",
                            "name": "Dental"
                        },
                        "name": "Blue Dental 02"
                    },
                    "coverage": {
                        "id": "0001",
                        "name": "Family"
                    }
                },
                "lifeInsuranceBenefit": {
                    "plan": {
                        "id": "05",
                        "type": {
                            "id": "03",
                            "name": "Life"
                        },
                        "name": "Blue life insurance 01"
                    },
                    "coverage": {
                        "id": "0003",
                        "name": "Employee/Spouse"
                    }
                },
                "hasMedicare": "false",
                "flexibleSpendingPlan": {
                    "id": "01",
                    "value": "4500"
                },
                "efectiveDate": "10/05/2020"
            },
            "dependentInformation": [
                {
                    "id": "01",
                    "firstName": "Marge",
                    "lastName": "Simpson",
                    "relationship": "Spouse",
                    "ssn": "205-456-4891",
                    "dateOfBirth": "12/23/1988",
                    "gender": "Female",
                    "doYouParticipateInMedicare": "true",
                    "medicareNumber": "24687",
                    "partAEffectiveDate": "06/16/2020",
                    "partBEffectiveDate": "08/22/2021",
                    "changeEffectiveDate": "02/14/2021"
                },
                {
                    "firstName": "Bart",
                    "lastName": "Simpson",
                    "relationship": "Child",
                    "ssn": "205-456-4891",
                    "dateOfBirth": "12/23/1990",
                    "gender": "Male",
                    "doYouParticipateInMedicare": "false",
                    "medicareNumber": "35814",
                    "partAEffectiveDate": "08/15/2020",
                    "partBEffectiveDate": "09/21/2021",
                    "changeEffectiveDate": "02/11/2021"
                },
                {
                    "firstName": "Lisa",
                    "lastName": "Simpson",
                    "relationship": "Child",
                    "ssn": "205-456-4891",
                    "dateOfBirth": "12/23/1991",
                    "gender": "Female",
                    "doYouParticipateInMedicare": "true",
                    "medicareNumber": "358974",
                    "partAEffectiveDate": "12/15/2020",
                    "partBEffectiveDate": "11/21/2021",
                    "changeEffectiveDate": "10/11/2021"
                }
            ]
        },
        {
            "hccSubscriberId": "000000158",
            "firstName": "Red",
            "lastName": "Forman",
            "employeeId": "1147869825",
            "medical": {
                "id": "02",
                "type": {
                    "id": "01",
                    "name": "Life"
                },
                "name": "Blue Medical 02"
            },
            "dental": {
                "id": "03",
                "type": {
                    "id": "02",
                    "name": "Dental"
                },
                "name": "Blue Dental 01"
            },
            "amountbilled": "2700.25",
            "adjustmentReason": "Adding Dependent",
            "adjustmentUser": "olbp",
            "adjustmentDate": "22/02/2021",
            "employeeLocation": "Dallas Tx",
            "dateOfBirth": "05/08/1962",
            "ssn": "1025369847",
            "maritalStatus": "Married",
            "gender": "Male",
            "groupNumber": "2541367980",
            "effectiveDateOfCoverage": "02/30/2019",
            "terminateCoverage": "Terminate all Blue Cross Blue Shield of Arizona coverage for this employee and their dependents.",
            "terminateCoverageNote": "The adjustment amount will be automatically set to $0.00 upon selection.",
            "contactInformation": {
                "address": "3581 Point Place, Wisconsin",
                "emailAddress": "red@aol.com.us",
                "primaryPhone": "245-145-3581",
                "secondaryPhone": "987-654-4321"
            },
            "benefitSelection": {
                "healthInsuranceBenefit": {
                    "plan": {
                        "id": "01",
                        "type": {
                            "id": "01",
                            "name": "Health"
                        },
                        "name": "Blue Medical 01"
                    },
                    "coverage": {
                        "id": "0002",
                        "name": "Employee"
                    }
                },
                "dentalInsuranceBenefit": {
                    "plan": {
                        "id": "03",
                        "type": {
                            "id": "02",
                            "name": "Dental"
                        },
                        "name": "Blue Dental 01"
                    },
                    "coverage": {
                        "id": "0003",
                        "name": "Employee/Spouse"
                    }
                },
                "lifeInsuranceBenefit": {
                    "plan": {
                        "id": "06",
                        "type": {
                            "id": "03",
                            "name": "Life"
                        },
                        "name": "Blue life insurance 02"
                    },
                    "coverage": {
                        "id": "0001",
                        "name": "Family"
                    }
                },
                "hasMedicare": "true",
                "flexibleSpendingPlan": {
                    "id": "02",
                    "value": "3200"
                },
                "efectiveDate": "01/15/2021"
            },
            "dependentInformation": [
                {
                    "firstName": "Kitty",
                    "lastName": "Forman",
                    "relationship": "Spouse",
                    "ssn": "248-134-3578",
                    "dateOfBirth": "10/19/1963",
                    "gender": "Female",
                    "doYouParticipateInMedicare": "false",
                    "medicareNumber": "358974",
                    "partAEffectiveDate": "12/15/2020",
                    "partBEffectiveDate": "11/21/2021",
                    "changeEffectiveDate": "10/11/2021"
                },
                {
                    "firstName": "Eric",
                    "lastName": "Forman",
                    "relationship": "Child",
                    "ssn": "248-564-1598",
                    "dateOfBirth": "11/22/1976",
                    "gender": "Male",
                    "doYouParticipateInMedicare": "true",
                    "medicareNumber": "358974",
                    "partAEffectiveDate": "12/15/2020",
                    "partBEffectiveDate": "11/21/2021",
                    "changeEffectiveDate": "10/11/2021"
                },
                {
                    "firstName": "Laurie",
                    "lastName": "Forman",
                    "relationship": "Child",
                    "ssn": "248-258-9875",
                    "dateOfBirth": "01/13/1972",
                    "gender": "Female",
                    "doYouParticipateInMedicare": "true",
                    "medicareNumber": "358974",
                    "partAEffectiveDate": "12/15/2020",
                    "partBEffectiveDate": "11/21/2021",
                    "changeEffectiveDate": "10/11/2021"
                }
            ]
        },
        {
            "hccSubscriberId": "000000158",
            "firstName": "Lynn",
            "lastName": "Schmoldt",
            "employeeId": "1585369874",
            "medical": {
                "id": "01",
                "type": {
                    "id": "01",
                    "name": "Health"
                },
                "name": "Blue Medical 01"
            },
            "dental": {
                "id": "04",
                "type": {
                    "id": "02",
                    "name": "Dental"
                },
                "name": "Blue Dental 02"
            },
            "amountbilled": "3273.20",
            "adjustmentReason": "Change of plan",
            "adjustmentUser": "olbp",
            "adjustmentDate": "21/02/2021",
            "employeeLocation": "Dallas Tx",
            "dateOfBirth": "03/27/1989",
            "ssn": "1025369847",
            "maritalStatus": "Married",
            "gender": "Male",
            "groupNumber": "2541367980",
            "effectiveDateOfCoverage": "02/30/2019",
            "terminateCoverage": "Terminate all Blue Cross Blue Shield of Arizona coverage for this employee and their dependents.",
            "terminateCoverageNote": "The adjustment amount will be automatically set to $0.00 upon selection.",
            "contactInformation": {
                "address": "1234 West Springfield Way, westbrook LA",
                "emailAddress": "homer@aol.com.us",
                "primaryPhone": "999-999-9999",
                "secondaryPhone": "123-456-1234"
            },
            "benefitSelection": {
                "healthInsuranceBenefit": "EveryDay health deductible test insurance",
                "dentalInsuranceBenefit": "Test Dental insurance benefit selected",
                "flexibleSpendingSelection": "4500",
                "lifeInsuranceBenefit": "Waived"
            },
            "dependentInformation": [
                {
                    "firstName": "Marge",
                    "lastName": "Simpson",
                    "relationship": "Spouse",
                    "ssn": "205-456-4891",
                    "dateOfBirth": "12/23/1988",
                    "gender": "Female"
                },
                {
                    "firstName": "Bart",
                    "lastName": "Simpson",
                    "relationship": "Child",
                    "ssn": "205-456-4891",
                    "dateOfBirth": "12/23/1990",
                    "gender": "Male"
                },
                {
                    "firstName": "Lisa",
                    "lastName": "Simpson",
                    "relationship": "Child",
                    "ssn": "205-456-4891",
                    "dateOfBirth": "12/23/1991",
                    "gender": "Female"
                }
            ]
        },
        {
            "hccSubscriberId": "000000158",
            "firstName": "Lucy",
            "lastName": "Van Pelt",
            "employeeId": "1147851825",
            "medical": {
                "id": "02",
                "type": {
                    "id": "01",
                    "name": "Life"
                },
                "name": "Blue Medical 02"
            },
            "dental": {
                "id": "03",
                "type": {
                    "id": "02",
                    "name": "Dental"
                },
                "name": "Blue Dental 01"
            },
            "amountbilled": "2700.25",
            "adjustmentReason": "Removing Dependent",
            "adjustmentUser": "olbp",
            "adjustmentDate": "12/01/2021",
            "employeeLocation": "Dallas Tx",
            "dateOfBirth": "05/08/1962",
            "ssn": "1025369847",
            "maritalStatus": "Married",
            "gender": "Male",
            "groupNumber": "2541367980",
            "effectiveDateOfCoverage": "02/30/2019",
            "terminateCoverage": "Terminate all Blue Cross Blue Shield of Arizona coverage for this employee and their dependents.",
            "terminateCoverageNote": "The adjustment amount will be automatically set to $0.00 upon selection.",
            "contactInformation": {
                "address": "3581 Point Place, Wisconsin",
                "emailAddress": "red@aol.com.us",
                "primaryPhone": "245-145-3581",
                "secondaryPhone": "987-654-4321"
            },
            "benefitSelection": {
                "healthInsuranceBenefit": "EveryDay health deductible test insurance",
                "dentalInsuranceBenefit": "Test Dental insurance benefit selected",
                "flexibleSpendingSelection": "3500",
                "lifeInsuranceBenefit": "Waived"
            },
            "dependentInformation": [
                {
                    "firstName": "Kitty",
                    "lastName": "Forman",
                    "relationship": "Spouse",
                    "ssn": "248-134-3578",
                    "dateOfBirth": "10/19/1963",
                    "gender": "Female"
                },
                {
                    "firstName": "Eric",
                    "lastName": "Forman",
                    "relationship": "Child",
                    "ssn": "248-564-1598",
                    "dateOfBirth": "11/22/1976",
                    "gender": "Male"
                },
                {
                    "firstName": "Laurie",
                    "lastName": "Forman",
                    "relationship": "Child",
                    "ssn": "248-258-9875",
                    "dateOfBirth": "01/13/1972",
                    "gender": "Female"
                }
            ]
        },
        {
            "hccSubscriberId": "000000158",
            "firstName": "Charlie",
            "lastName": "Brown",
            "employeeId": "1021548674",
            "medical": {
                "id": "01",
                "type": {
                    "id": "01",
                    "name": "Health"
                },
                "name": "Blue Medical 01"
            },
            "dental": {
                "id": "04",
                "type": {
                    "id": "02",
                    "name": "Dental"
                },
                "name": "Blue Dental 02"
            },
            "amountbilled": "3273.20",
            "adjustmentReason": "No Adjustment",
            "adjustmentUser": "olbp",
            "adjustmentDate": "05/09/2020",
            "employeeLocation": "Dallas Tx",
            "dateOfBirth": "03/27/1989",
            "ssn": "1025369847",
            "maritalStatus": "Married",
            "gender": "Male",
            "groupNumber": "2541367980",
            "effectiveDateOfCoverage": "02/30/2019",
            "terminateCoverage": "Terminate all Blue Cross Blue Shield of Arizona coverage for this employee and their dependents.",
            "terminateCoverageNote": "The adjustment amount will be automatically set to $0.00 upon selection.",
            "contactInformation": {
                "address": "1234 West Springfield Way, westbrook LA",
                "emailAddress": "homer@aol.com.us",
                "primaryPhone": "999-999-9999",
                "secondaryPhone": "123-456-1234"
            },
            "benefitSelection": {
                "healthInsuranceBenefit": "EveryDay health deductible test insurance",
                "dentalInsuranceBenefit": "Test Dental insurance benefit selected",
                "flexibleSpendingSelection": "4500",
                "lifeInsuranceBenefit": "Waived"
            },
            "dependentInformation": [
                {
                    "firstName": "Marge",
                    "lastName": "Simpson",
                    "relationship": "Spouse",
                    "ssn": "205-456-4891",
                    "dateOfBirth": "12/23/1988",
                    "gender": "Female"
                },
                {
                    "firstName": "Bart",
                    "lastName": "Simpson",
                    "relationship": "Child",
                    "ssn": "205-456-4891",
                    "dateOfBirth": "12/23/1990",
                    "gender": "Male"
                },
                {
                    "firstName": "Lisa",
                    "lastName": "Simpson",
                    "relationship": "Child",
                    "ssn": "205-456-4891",
                    "dateOfBirth": "12/23/1991",
                    "gender": "Female"
                }
            ]
        },
        {
            "hccSubscriberId": "000000158",
            "firstName": "Matt",
            "lastName": "Williams",
            "employeeId": "3584792825",
            "medical": {
                "id": "02",
                "type": {
                    "id": "01",
                    "name": "Life"
                },
                "name": "Blue Medical 02"
            },
            "dental": {
                "id": "03",
                "type": {
                    "id": "02",
                    "name": "Dental"
                },
                "name": "Blue Dental 01"
            },
            "amountbilled": "2700.25",
            "adjustmentReason": "Termination",
            "adjustmentUser": "olbp",
            "adjustmentDate": "22/02/2021",
            "employeeLocation": "Dallas Tx",
            "dateOfBirth": "05/08/1962",
            "ssn": "1025369847",
            "maritalStatus": "Married",
            "gender": "Male",
            "groupNumber": "2541367980",
            "effectiveDateOfCoverage": "02/30/2019",
            "terminateCoverage": "Terminate all Blue Cross Blue Shield of Arizona coverage for this employee and their dependents.",
            "terminateCoverageNote": "The adjustment amount will be automatically set to $0.00 upon selection.",
            "contactInformation": {
                "address": "3581 Point Place, Wisconsin",
                "emailAddress": "red@aol.com.us",
                "primaryPhone": "245-145-3581",
                "secondaryPhone": "987-654-4321"
            },
            "benefitSelection": {
                "healthInsuranceBenefit": "EveryDay health deductible test insurance",
                "dentalInsuranceBenefit": "Test Dental insurance benefit selected",
                "flexibleSpendingSelection": "3500",
                "lifeInsuranceBenefit": "Waived"
            },
            "dependentInformation": [
                {
                    "firstName": "Kitty",
                    "lastName": "Forman",
                    "relationship": "Spouse",
                    "ssn": "248-134-3578",
                    "dateOfBirth": "10/19/1963",
                    "gender": "Female"
                },
                {
                    "firstName": "Eric",
                    "lastName": "Forman",
                    "relationship": "Child",
                    "ssn": "248-564-1598",
                    "dateOfBirth": "11/22/1976",
                    "gender": "Male"
                },
                {
                    "firstName": "Laurie",
                    "lastName": "Forman",
                    "relationship": "Child",
                    "ssn": "248-258-9875",
                    "dateOfBirth": "01/13/1972",
                    "gender": "Female"
                }
            ]
        },
        {
            "hccSubscriberId": "000000158",
            "firstName": "John",
            "lastName": "Wick",
            "employeeId": "1025335174",
            "medical": {
                "id": "01",
                "type": {
                    "id": "01",
                    "name": "Health"
                },
                "name": "Blue Medical 01"
            },
            "dental": {
                "id": "04",
                "type": {
                    "id": "02",
                    "name": "Dental"
                },
                "name": "Blue Dental 02"
            },
            "amountbilled": "3273.20",
            "adjustmentReason": "No Adjustment",
            "adjustmentUser": "olbp",
            "adjustmentDate": "28/02/2021",
            "employeeLocation": "Dallas Tx",
            "dateOfBirth": "03/27/1989",
            "ssn": "1025369847",
            "maritalStatus": "Married",
            "gender": "Male",
            "groupNumber": "2541367980",
            "effectiveDateOfCoverage": "02/30/2019",
            "terminateCoverage": "Terminate all Blue Cross Blue Shield of Arizona coverage for this employee and their dependents.",
            "terminateCoverageNote": "The adjustment amount will be automatically set to $0.00 upon selection.",
            "contactInformation": {
                "address": "1234 West Springfield Way, westbrook LA",
                "emailAddress": "homer@aol.com.us",
                "primaryPhone": "999-999-9999",
                "secondaryPhone": "123-456-1234"
            },
            "benefitSelection": {
                "healthInsuranceBenefit": "EveryDay health deductible test insurance",
                "dentalInsuranceBenefit": "Test Dental insurance benefit selected",
                "flexibleSpendingSelection": "4500",
                "lifeInsuranceBenefit": "Waived"
            },
            "dependentInformation": [
                {
                    "firstName": "Marge",
                    "lastName": "Simpson",
                    "relationship": "Spouse",
                    "ssn": "205-456-4891",
                    "dateOfBirth": "12/23/1988",
                    "gender": "Female"
                },
                {
                    "firstName": "Bart",
                    "lastName": "Simpson",
                    "relationship": "Child",
                    "ssn": "205-456-4891",
                    "dateOfBirth": "12/23/1990",
                    "gender": "Male"
                },
                {
                    "firstName": "Lisa",
                    "lastName": "Simpson",
                    "relationship": "Child",
                    "ssn": "205-456-4891",
                    "dateOfBirth": "12/23/1991",
                    "gender": "Female"
                }
            ]
        },
        {
            "hccSubscriberId": "000000158",
            "firstName": "Stevie",
            "lastName": "Wonder",
            "employeeId": "1248869825",
            "medical": {
                "id": "02",
                "type": {
                    "id": "01",
                    "name": "Life"
                },
                "name": "Blue Medical 02"
            },
            "dental": {
                "id": "03",
                "type": {
                    "id": "02",
                    "name": "Dental"
                },
                "name": "Blue Dental 01"
            },
            "amountbilled": "2700.25",
            "adjustmentReason": "Adding Dependent",
            "adjustmentUser": "olbp",
            "adjustmentDate": "22/02/2021",
            "employeeLocation": "Dallas Tx",
            "dateOfBirth": "05/08/1962",
            "ssn": "1025369847",
            "maritalStatus": "Married",
            "gender": "Male",
            "groupNumber": "2541367980",
            "effectiveDateOfCoverage": "02/30/2019",
            "terminateCoverage": "Terminate all Blue Cross Blue Shield of Arizona coverage for this employee and their dependents.",
            "terminateCoverageNote": "The adjustment amount will be automatically set to $0.00 upon selection.",
            "contactInformation": {
                "address": "3581 Point Place, Wisconsin",
                "emailAddress": "red@aol.com.us",
                "primaryPhone": "245-145-3581",
                "secondaryPhone": "987-654-4321"
            },
            "benefitSelection": {
                "healthInsuranceBenefit": "EveryDay health deductible test insurance",
                "dentalInsuranceBenefit": "Test Dental insurance benefit selected",
                "flexibleSpendingSelection": "3500",
                "lifeInsuranceBenefit": "Waived"
            },
            "dependentInformation": [
                {
                    "firstName": "Kitty",
                    "lastName": "Forman",
                    "relationship": "Spouse",
                    "ssn": "248-134-3578",
                    "dateOfBirth": "10/19/1963",
                    "gender": "Female"
                },
                {
                    "firstName": "Eric",
                    "lastName": "Forman",
                    "relationship": "Child",
                    "ssn": "248-564-1598",
                    "dateOfBirth": "11/22/1976",
                    "gender": "Male"
                },
                {
                    "firstName": "Laurie",
                    "lastName": "Forman",
                    "relationship": "Child",
                    "ssn": "248-258-9875",
                    "dateOfBirth": "01/13/1972",
                    "gender": "Female"
                }
            ]
        },
        {
            "hccSubscriberId": "000000158",
            "firstName": "Dexter",
            "lastName": "Hall",
            "employeeId": "1025363244",
            "medical": {
                "id": "01",
                "type": {
                    "id": "01",
                    "name": "Health"
                },
                "name": "Blue Medical 01"
            },
            "dental": {
                "id": "04",
                "type": {
                    "id": "02",
                    "name": "Dental"
                },
                "name": "Blue Dental 02"
            },
            "amountbilled": "3273.20",
            "adjustmentReason": "No Adjustment",
            "adjustmentUser": "olbp",
            "adjustmentDate": "28/02/2021",
            "employeeLocation": "Dallas Tx",
            "dateOfBirth": "03/27/1989",
            "ssn": "1025369847",
            "maritalStatus": "Married",
            "gender": "Male",
            "groupNumber": "2541367980",
            "effectiveDateOfCoverage": "02/30/2019",
            "terminateCoverage": "Terminate all Blue Cross Blue Shield of Arizona coverage for this employee and their dependents.",
            "terminateCoverageNote": "The adjustment amount will be automatically set to $0.00 upon selection.",
            "contactInformation": {
                "address": "1234 West Springfield Way, westbrook LA",
                "emailAddress": "homer@aol.com.us",
                "primaryPhone": "999-999-9999",
                "secondaryPhone": "123-456-1234"
            },
            "benefitSelection": {
                "healthInsuranceBenefit": "EveryDay health deductible test insurance",
                "dentalInsuranceBenefit": "Test Dental insurance benefit selected",
                "flexibleSpendingSelection": "4500",
                "lifeInsuranceBenefit": "Waived"
            },
            "dependentInformation": [
                {
                    "firstName": "Marge",
                    "lastName": "Simpson",
                    "relationship": "Spouse",
                    "ssn": "205-456-4891",
                    "dateOfBirth": "12/23/1988",
                    "gender": "Female"
                },
                {
                    "firstName": "Bart",
                    "lastName": "Simpson",
                    "relationship": "Child",
                    "ssn": "205-456-4891",
                    "dateOfBirth": "12/23/1990",
                    "gender": "Male"
                },
                {
                    "firstName": "Lisa",
                    "lastName": "Simpson",
                    "relationship": "Child",
                    "ssn": "205-456-4891",
                    "dateOfBirth": "12/23/1991",
                    "gender": "Female"
                }
            ]
        },
        {
            "hccSubscriberId": "000000158",
            "firstName": "Jeff",
            "lastName": "Lindsay",
            "employeeId": "1147335825",
            "medical": {
                "id": "02",
                "type": {
                    "id": "01",
                    "name": "Life"
                },
                "name": "Blue Medical 02"
            },
            "dental": {
                "id": "03",
                "type": {
                    "id": "02",
                    "name": "Dental"
                },
                "name": "Blue Dental 01"
            },
            "amountbilled": "2700.25",
            "adjustmentReason": "Termination",
            "adjustmentUser": "olbp",
            "adjustmentDate": "22/02/2021",
            "employeeLocation": "Dallas Tx",
            "dateOfBirth": "05/08/1962",
            "ssn": "1025369847",
            "maritalStatus": "Married",
            "gender": "Male",
            "groupNumber": "2541367980",
            "effectiveDateOfCoverage": "02/30/2019",
            "terminateCoverage": "Terminate all Blue Cross Blue Shield of Arizona coverage for this employee and their dependents.",
            "terminateCoverageNote": "The adjustment amount will be automatically set to $0.00 upon selection.",
            "contactInformation": {
                "address": "3581 Point Place, Wisconsin",
                "emailAddress": "red@aol.com.us",
                "primaryPhone": "245-145-3581",
                "secondaryPhone": "987-654-4321"
            },
            "benefitSelection": {
                "healthInsuranceBenefit": "EveryDay health deductible test insurance",
                "dentalInsuranceBenefit": "Test Dental insurance benefit selected",
                "flexibleSpendingSelection": "3500",
                "lifeInsuranceBenefit": "Waived"
            },
            "dependentInformation": [
                {
                    "firstName": "Kitty",
                    "lastName": "Forman",
                    "relationship": "Spouse",
                    "ssn": "248-134-3578",
                    "dateOfBirth": "10/19/1963",
                    "gender": "Female"
                },
                {
                    "firstName": "Eric",
                    "lastName": "Forman",
                    "relationship": "Child",
                    "ssn": "248-564-1598",
                    "dateOfBirth": "11/22/1976",
                    "gender": "Male"
                },
                {
                    "firstName": "Laurie",
                    "lastName": "Forman",
                    "relationship": "Child",
                    "ssn": "248-258-9875",
                    "dateOfBirth": "01/13/1972",
                    "gender": "Female"
                }
            ]
        },
        {
            "hccSubscriberId": "000000158",
            "firstName": "Ed",
            "lastName": "Harris",
            "employeeId": "1050369874",
            "medical": {
                "id": "01",
                "type": {
                    "id": "01",
                    "name": "Health"
                },
                "name": "Blue Medical 01"
            },
            "dental": {
                "id": "04",
                "type": {
                    "id": "02",
                    "name": "Dental"
                },
                "name": "Blue Dental 02"
            },
            "amountbilled": "3273.20",
            "adjustmentReason": "Removing Dependent",
            "adjustmentUser": "olbp",
            "adjustmentDate": "18/10/2021",
            "employeeLocation": "Dallas Tx",
            "dateOfBirth": "03/27/1989",
            "ssn": "1025369847",
            "maritalStatus": "Married",
            "gender": "Male",
            "groupNumber": "2541367980",
            "effectiveDateOfCoverage": "02/30/2019",
            "terminateCoverage": "Terminate all Blue Cross Blue Shield of Arizona coverage for this employee and their dependents.",
            "terminateCoverageNote": "The adjustment amount will be automatically set to $0.00 upon selection.",
            "contactInformation": {
                "address": "1234 West Springfield Way, westbrook LA",
                "emailAddress": "homer@aol.com.us",
                "primaryPhone": "999-999-9999",
                "secondaryPhone": "123-456-1234"
            },
            "benefitSelection": {
                "healthInsuranceBenefit": "EveryDay health deductible test insurance",
                "dentalInsuranceBenefit": "Test Dental insurance benefit selected",
                "flexibleSpendingSelection": "4500",
                "lifeInsuranceBenefit": "Waived"
            },
            "dependentInformation": [
                {
                    "firstName": "Marge",
                    "lastName": "Simpson",
                    "relationship": "Spouse",
                    "ssn": "205-456-4891",
                    "dateOfBirth": "12/23/1988",
                    "gender": "Female"
                },
                {
                    "firstName": "Bart",
                    "lastName": "Simpson",
                    "relationship": "Child",
                    "ssn": "205-456-4891",
                    "dateOfBirth": "12/23/1990",
                    "gender": "Male"
                },
                {
                    "firstName": "Lisa",
                    "lastName": "Simpson",
                    "relationship": "Child",
                    "ssn": "205-456-4891",
                    "dateOfBirth": "12/23/1991",
                    "gender": "Female"
                }
            ]
        },
        {
            "hccSubscriberId": "000000158",
            "firstName": "Thandie",
            "lastName": "Newton",
            "employeeId": "1143161825",
            "medical": {
                "id": "02",
                "type": {
                    "id": "01",
                    "name": "Life"
                },
                "name": "Blue Medical 02"
            },
            "dental": {
                "id": "03",
                "type": {
                    "id": "02",
                    "name": "Dental"
                },
                "name": "Blue Dental 01"
            },
            "amountbilled": "2700.25",
            "adjustmentReason": "Adding Dependent",
            "adjustmentUser": "olbp",
            "adjustmentDate": "02/05/2020",
            "employeeLocation": "Dallas Tx",
            "dateOfBirth": "05/08/1962",
            "ssn": "1025369847",
            "maritalStatus": "Married",
            "gender": "Male",
            "groupNumber": "2541367980",
            "effectiveDateOfCoverage": "02/30/2019",
            "terminateCoverage": "Terminate all Blue Cross Blue Shield of Arizona coverage for this employee and their dependents.",
            "terminateCoverageNote": "The adjustment amount will be automatically set to $0.00 upon selection.",
            "contactInformation": {
                "address": "3581 Point Place, Wisconsin",
                "emailAddress": "red@aol.com.us",
                "primaryPhone": "245-145-3581",
                "secondaryPhone": "987-654-4321"
            },
            "benefitSelection": {
                "healthInsuranceBenefit": "EveryDay health deductible test insurance",
                "dentalInsuranceBenefit": "Test Dental insurance benefit selected",
                "flexibleSpendingSelection": "3500",
                "lifeInsuranceBenefit": "Waived"
            },
            "dependentInformation": [
                {
                    "firstName": "Kitty",
                    "lastName": "Forman",
                    "relationship": "Spouse",
                    "ssn": "248-134-3578",
                    "dateOfBirth": "10/19/1963",
                    "gender": "Female"
                },
                {
                    "firstName": "Eric",
                    "lastName": "Forman",
                    "relationship": "Child",
                    "ssn": "248-564-1598",
                    "dateOfBirth": "11/22/1976",
                    "gender": "Male"
                },
                {
                    "firstName": "Laurie",
                    "lastName": "Forman",
                    "relationship": "Child",
                    "ssn": "248-258-9875",
                    "dateOfBirth": "01/13/1972",
                    "gender": "Female"
                }
            ]
        }
    ]
}