{
    "name":"Homer simpson",
    "employeeId":"1025369874",
    "employeeLocation":"Dallas Tx",
    "dateOfBirth":"03/27/1989",
    "ssn":"1025369847",
    "maritalStatus":"Married",
    "gender":"Male",
    "groupNumber":"2541367980",
    "effectiveDateOfCoverage":"02/30/2019",
    "terminateCoverage":"Terminate all Blue Cross Blue Shield of Arizona coverage for this employee and their dependents.",
    "terminateCoverageNote":"The adjustment amount will be automatically set to $0.00 upon selection.",
    "contactInformation":{
        "address":"1234 West Springfield Way, westbrook LA",
        "emailAddress":"homer@aol.com.us",
        "primaryPhone":"999-999-9999",
        "secondaryPhone":"123-456-1234"
    },
    "benefitSelection":{
        "healthInsuranceBenefit":"EveryDay health deductible test insurance",
        "dentalInsuranceBenefit": "Test Dental insurance benefit selected",
        "flexibleSpendingSelection":"4500",
        "lifeInsuranceBenefit":"Waived"

    },
    "dependentInformation":[
        {
            "id":"1",
            "firstName":"Marge",
            "lastName":"Simpson",
            "relationship":"Spouse",
            "ssn":"205-456-4891",
            "dateOfBirth":"12/23/1988",
            "gender":"Female"
        },
        {
            "id":"2",
            "firstName":"Bart",
            "lastName":"Simpson",
            "relationship":"Child",
            "ssn":"205-456-4891",
            "dateOfBirth":"12/23/1990",
            "gender":"Male"
        },
        {
            "id":"3",
            "firstName":"Lisa",
            "lastName":"Simpson",
            "relationship":"Child",
            "ssn":"205-456-4891",
            "dateOfBirth":"12/23/1991",
            "gender":"Female"
        }
    ]
}