{
    "employeeRoster": [
        {
            "hccSubscriberId": "000000150",
            "firstName": "Lynn",
            "lastName": "Schmoldt",
            "employeeId": "1320053589",
            "medical": {
                "id": "01",
                "type": {
                    "id": "01",
                    "name": "Health"
                },
                "name": "Blue Medical 01"
            },
            "dental": {
                "id": "04",
                "type": {
                    "id": "02",
                    "name": "Dental"
                },
                "name": "Blue Dental 02"
            },
            "amountbilled": "2142.73",
            "adjustmentReason": "first reason"
        },
        {
            "hccSubscriberId": "000000151",
            "firstName": "Lila",
            "lastName": "Silva",
            "employeeId": "4870053589",
            "medical":  {
                "id": "02",
                "type": {
                    "id": "01",
                    "name": "Life"
                },
                "name": "Blue Medical 02"
            },
            "dental": {
                "id": "03",
                "type": {
                    "id": "02",
                    "name": "Dental"
                },
                "name": "Blue Dental 01"
            },
            "amountbilled": "3749.18",
            "adjustmentReason": "some reason"
        },
        {
            "hccSubscriberId": "000000152",
            "firstName": "Lucy",
            "lastName": "Van Pelt",
            "employeeId": "1598753589",
            "medical": {
                "id": "01",
                "type": {
                    "id": "01",
                    "name": "Health"
                },
                "name": "Blue Medical 01"
            },
            "dental": {
                "id": "04",
                "type": {
                    "id": "02",
                    "name": "Dental"
                },
                "name": "Blue Dental 02"
            },
            "amountbilled": "2800.00",
            "adjustmentReason": "other reason"
        },
        {
            "hccSubscriberId": "000000153",
            "firstName": "Charlie",
            "lastName": "Brown",
            "employeeId": "3578941562",
            "medical": {
                "id": "01",
                "type": {
                    "id": "01",
                    "name": "Health"
                },
                "name": "Blue Medical 01"
            },
            "dental": {
                "id": "04",
                "type": {
                    "id": "02",
                    "name": "Dental"
                },
                "name": "Blue Dental 02"
            },
            "amountbilled": "2789.45",
            "adjustmentReason": "reason"
        },
        {
            "hccSubscriberId": "000000154",
            "firstName": "Matt",
            "lastName": "Williams",
            "employeeId": "3322483589",
            "medical":  {
                "id": "02",
                "type": {
                    "id": "01",
                    "name": "Life"
                },
                "name": "Blue Medical 02"
            },
            "dental": {
                "id": "03",
                "type": {
                    "id": "02",
                    "name": "Dental"
                },
                "name": "Blue Dental 01"
            },
            "amountbilled": "2849.18",
            "adjustmentReason": "first reason"
        },
        {
            "hccSubscriberId": "000000155",
            "firstName": "John",
            "lastName": "Wick",
            "employeeId": "3589413589",
            "medical": {
                "id": "01",
                "type": {
                    "id": "01",
                    "name": "Health"
                },
                "name": "Blue Medical 01"
            },
            "dental": {
                "id": "04",
                "type": {
                    "id": "02",
                    "name": "Dental"
                },
                "name": "Blue Dental 02"
            },
            "amountbilled": "3074.00",
            "adjustmentReason": "some reason"
        },
        {
            "hccSubscriberId": "000000156",
            "firstName": "Stevie",
            "lastName": "Wonder",
            "employeeId": "1598753589",
            "medical": {
                "id": "01",
                "type": {
                    "id": "01",
                    "name": "Health"
                },
                "name": "Blue Medical 01"
            },
            "dental": {
                "id": "04",
                "type": {
                    "id": "02",
                    "name": "Dental"
                },
                "name": "Blue Dental 02"
            },
            "amountbilled": "2800.00",
            "adjustmentReason": "other reason"
        },
        {
            "hccSubscriberId": "000000157",
            "firstName": "Dexter",
            "lastName": "Hall",
            "employeeId": "7824587589",
            "medical":  {
                "id": "02",
                "type": {
                    "id": "01",
                    "name": "Life"
                },
                "name": "Blue Medical 02"
            },
            "dental": {
                "id": "03",
                "type": {
                    "id": "02",
                    "name": "Dental"
                },
                "name": "Blue Dental 01"
            },
            "amountbilled": "2789.45",
            "adjustmentReason": "reason"
        },
        {
            "hccSubscriberId": "000000158",
            "firstName": "Homer",
            "lastName": "Simpson",
            "employeeId": "158561489",
            "medical": {
                "id": "01",
                "type": {
                    "id": "01",
                    "name": "Health"
                },
                "name": "Blue Medical 01"
            },
            "dental": {
                "id": "04",
                "type": {
                    "id": "02",
                    "name": "Dental"
                },
                "name": "Blue Dental 02"
            },
            "amountbilled": "3273.20",
            "adjustmentReason": "first reason"
        },
        {
            "hccSubscriberId": "000000159",
            "firstName": "Jeff",
            "lastName": "Lindsay",
            "employeeId": "4120053589",
            "medical": {
                "id": "01",
                "type": {
                    "id": "01",
                    "name": "Health"
                },
                "name": "Blue Medical 01"
            },
            "dental": {
                "id": "04",
                "type": {
                    "id": "02",
                    "name": "Dental"
                },
                "name": "Blue Dental 02"
            },
            "amountbilled": "3171.12",
            "adjustmentReason": "some reason"
        },
        {
            "hccSubscriberId": "000000160",
            "firstName": "Ed",
            "lastName": "Harris",
            "employeeId": "8998753589",
            "medical":  {
                "id": "02",
                "type": {
                    "id": "01",
                    "name": "Life"
                },
                "name": "Blue Medical 02"
            },
            "dental": {
                "id": "03",
                "type": {
                    "id": "02",
                    "name": "Dental"
                },
                "name": "Blue Dental 01"
            },
            "amountbilled": "2800.00",
            "adjustmentReason": "other reason"
        },
        {
            "hccSubscriberId": "000000161",
            "firstName": "Thandie",
            "lastName": "Newton",
            "employeeId": "3571241562",
            "medical": {
                "id": "01",
                "type": {
                    "id": "01",
                    "name": "Health"
                },
                "name": "Blue Medical 01"
            },
            "dental": {
                "id": "04",
                "type": {
                    "id": "02",
                    "name": "Dental"
                },
                "name": "Blue Dental 02"
            },
            "amountbilled": "2789.45",
            "adjustmentReason": "reason"
        },
        {
            "hccSubscriberId": "000000162",
            "firstName": "Tessa",
            "lastName": "Thonpson",
            "employeeId": "3322483589",
            "medical": {
                "id": "01",
                "type": {
                    "id": "01",
                    "name": "Health"
                },
                "name": "Blue Medical 01"
            },
            "dental": {
                "id": "04",
                "type": {
                    "id": "02",
                    "name": "Dental"
                },
                "name": "Blue Dental 02"
            },
            "amountbilled": "1501.89",
            "adjustmentReason": "first reason"
        },
        {
            "hccSubscriberId": "000000163",
            "firstName": "Ingrid",
            "lastName": "Berdal",
            "employeeId": "3589413589",
            "medical": {
                "id": "01",
                "type": {
                    "id": "01",
                    "name": "Health"
                },
                "name": "Blue Medical 01"
            },
            "dental": {
                "id": "04",
                "type": {
                    "id": "02",
                    "name": "Dental"
                },
                "name": "Blue Dental 02"
            },
            "amountbilled": "3274.17",
            "adjustmentReason": "some reason"
        },
        {
            "hccSubscriberId": "000000164",
            "firstName": "Eric",
            "lastName": "Forman",
            "employeeId": "1587453589",
            "medical": {
                "id": "01",
                "type": {
                    "id": "01",
                    "name": "Health"
                },
                "name": "Blue Medical 01"
            },
            "dental": {
                "id": "04",
                "type": {
                    "id": "02",
                    "name": "Dental"
                },
                "name": "Blue Dental 02"
            },
            "amountbilled": "2800.00",
            "adjustmentReason": "other reason"
        },
        {
            "hccSubscriberId": "000000165",
            "firstName": "Michael",
            "lastName": "Kelso",
            "employeeId": "1424587589",
            "medical": {
                "id": "01",
                "type": {
                    "id": "01",
                    "name": "Health"
                },
                "name": "Blue Medical 01"
            },
            "dental": {
                "id": "04",
                "type": {
                    "id": "02",
                    "name": "Dental"
                },
                "name": "Blue Dental 02"
            },
            "amountbilled": "2789.45",
            "adjustmentReason": "reason"
        },
        {
            "hccSubscriberId": "000000166",
            "firstName": "Jackie",
            "lastName": "Burkhart",
            "employeeId": "3287453589",
            "medical": {
                "id": "01",
                "type": {
                    "id": "01",
                    "name": "Health"
                },
                "name": "Blue Medical 01"
            },
            "dental": {
                "id": "04",
                "type": {
                    "id": "02",
                    "name": "Dental"
                },
                "name": "Blue Dental 02"
            },
            "amountbilled": "2800.00",
            "adjustmentReason": "other reason"
        },
        {
            "hccSubscriberId": "000000167",
            "firstName": "Donna",
            "lastName": "Pinciotti",
            "employeeId": "1426582589",
            "medical": {
                "id": "01",
                "type": {
                    "id": "01",
                    "name": "Health"
                },
                "name": "Blue Medical 01"
            },
            "dental": {
                "id": "04",
                "type": {
                    "id": "02",
                    "name": "Dental"
                },
                "name": "Blue Dental 02"
            },
            "amountbilled": "2789.45",
            "adjustmentReason": "reason"
        }
    ]
}