[
    {
        "statementFrom": "2020-09-01T00:00:00",
        "statementTo": "2020-09-30T00:00:00",
        "totalBilled": "1954545.72",
        "totalAdjusted": "2000.00",
        "size": "6",
        "pdfUrl": "url1"
    },
    {
        "statementFrom": "2020-08-01T00:00:00",
        "statementTo": "2020-08-30T00:00:00",
        "totalBilled": "194545.00",
        "totalAdjusted": "57.00",
        "size": "5",
        "pdfUrl": "url2"
    },
    {
        "statementFrom": "2020-07-01T00:00:00",
        "statementTo": "2020-07-30T00:00:00",
        "totalBilled": "15001.00",
        "totalAdjusted": "127.00",
        "size": "7",
        "pdfUrl": "url3"
    }
]