{
  "version": "1.0",
  "defaultProvider": "cdnjs",
	"libraries": [
		{
			"library": "require.js@2.3.6",
			"destination": "wwwroot/lib/require/"
		},
		{
			"library": "jquery@3.3.1",
			"destination": "wwwroot/lib/jquery/"
		},
		{
			"library": "jqueryui@1.12.1",
			"destination": "wwwroot/lib/jquery-ui/"
		},
		{
			"library": "jquery-validate@1.19.0",
			"destination": "wwwroot/lib/jquery-validate/"
		},
		{
			"library": "jquery-validation-unobtrusive@3.2.11",
			"destination": "wwwroot/lib/jquery-validation-unobtrusive/"
		},
		{
			"library": "moment.js@2.24.0",
			"destination": "wwwroot/lib/moment/"
		},
		{
			"library": "inputmask@4.0.6",
			"destination": "wwwroot/lib/inputmask/"
		},
		{
			"library": "select2@4.0.8",
			"destination": "wwwroot/lib/select2/"
		},
		{
			"provider": "jsdelivr",
			"library": "timepicker@1.12.0",
			"destination": "wwwroot/lib/timepicker/"
		}
	]
}